{
  "timestamp": "2026-05-25T22:54:55.180947+00:00",
  "version": "V10.1",
  "phi_ratio_equiv": 43.22,
  "evolution_score": 0.432174,
  "delta_g": 0.914206,
  "delta_g_total": 0.600358,
  "delta_g_final": 0.380552,
  "bottleneck": "\u03a3_memory",
  "sigma_memory": 0.1667,
  "tau_trace": 0.9967,
  "omega_dawn": 0.2678,
  "memory_count": 70,
  "trace_count": 100
}